"","mutation","chr","pos","ref","var","season","pcr_result","Donor_home_freq","Donor_clinic_freq","Donor_home","Donor_clinic","HOUSE_ID","Donor_ENROLLID","Recipient_ENROLLID","Donor_onset","Recipient_onset","transmission","Recipient_clinic","Recipient_home","Donor_home_collect","Donor_clinic_collect","Recipient_home_collect","Recipient_clinic_collect","Recipient_clinic_freq","Recipient_home_freq","pair"
"1","PA_G292A","PA",292,"G","A","2014-2015","A/H3N2",0.088459720965,0,"HS1563","MH8688",5001,"50001","50003",2014-12-25,2014-12-25,2014-12-24,"MH8690","HS1562",2014-12-25,2014-12-31,2014-12-25,2014-12-31,0,0,"50001-50003"
"2","PA_G292A","PA",292,"G","A","2014-2015","A/H3N2",0.088459720965,0,"HS1563","MH8688",5001,"50001","50004",2014-12-25,2014-12-25,2014-12-24,NA,"HS1564",2014-12-25,2014-12-31,2014-12-25,NA,NA,0,"50001-50004"
"3","PB2_G1099A","PB2",1099,"G","A","2014-2015","A/H3N2",0.0999685429417,0,"HS1563","MH8688",5001,"50001","50003",2014-12-25,2014-12-25,2014-12-24,"MH8690","HS1562",2014-12-25,2014-12-31,2014-12-25,2014-12-31,0,0,"50001-50003"
"4","PB2_G1099A","PB2",1099,"G","A","2014-2015","A/H3N2",0.0999685429417,0,"HS1563","MH8688",5001,"50001","50004",2014-12-25,2014-12-25,2014-12-24,NA,"HS1564",2014-12-25,2014-12-31,2014-12-25,NA,NA,0,"50001-50004"
"5","PA_A1848A","PA",1848,"A","A","2014-2015","A/H3N2",0,0.12118464793,"HS1562","MH8690",5001,"50003","50004",2014-12-25,2014-12-25,2014-12-24,NA,"HS1564",2014-12-25,2014-12-31,2014-12-25,NA,NA,0,"50003-50004"
"6","PA_A1848A","PA",1848,"A","A","2014-2015","A/H3N2",0,0.12118464793,"HS1562","MH8690",5001,"50003","50001",2014-12-25,2014-12-25,2014-12-24,"MH8688","HS1563",2014-12-25,2014-12-31,2014-12-25,2014-12-31,0,0,"50003-50001"
"7","PB1_G1852A","PB1",1852,"G","A","2014-2015","A/H3N2",0,0.0428052289357,"HS1562","MH8690",5001,"50003","50004",2014-12-25,2014-12-25,2014-12-24,NA,"HS1564",2014-12-25,2014-12-31,2014-12-25,NA,NA,0,"50003-50004"
"8","PB1_G1852A","PB1",1852,"G","A","2014-2015","A/H3N2",0,0.0428052289357,"HS1562","MH8690",5001,"50003","50001",2014-12-25,2014-12-25,2014-12-24,"MH8688","HS1563",2014-12-25,2014-12-31,2014-12-25,2014-12-31,0,0,"50003-50001"
"9","HA_A140G","HA",140,"A","G","2014-2015","A/H3N2",0.0264987958706,0.0498634992657,"HS1335","MH7612",5073,"50319","50316",2014-11-25,2014-11-30,2014-11-29,NA,"HS1369",2014-11-25,2014-11-26,2014-11-30,NA,NA,0,"50319-50316"
"10","PB2_C880T","PB2",880,"C","T","2014-2015","A/H3N2",0.0360841803356,0,"HS1335","MH7612",5073,"50319","50316",2014-11-25,2014-11-30,2014-11-29,NA,"HS1369",2014-11-25,2014-11-26,2014-11-30,NA,NA,0,"50319-50316"
"11","HA_G1463A","HA",1463,"G","A","2014-2015","A/H3N2",0,0.0439763850454,"HS1336","MH7611",5073,"50318","50319",2014-11-23,2014-11-25,2014-11-24,"MH7612","HS1335",2014-11-23,2014-11-26,2014-11-25,2014-11-26,0,0,"50318-50319"
"12","NP_G207G","NP",207,"G","G","2014-2015","A/H3N2",0.023682486193,0,"HS1336","MH7611",5073,"50318","50319",2014-11-23,2014-11-25,2014-11-24,"MH7612","HS1335",2014-11-23,2014-11-26,2014-11-25,2014-11-26,0,0,"50318-50319"
"13","NP_C1362T","NP",1362,"C","T","2014-2015","A/H3N2",0,0.0412810234528,"HS1336","MH7611",5073,"50318","50319",2014-11-23,2014-11-25,2014-11-24,"MH7612","HS1335",2014-11-23,2014-11-26,2014-11-25,2014-11-26,0,0,"50318-50319"
"14","PB1_A877G","PB1",877,"A","G","2014-2015","A/H3N2",0.0208654028168,0,"HS1336","MH7611",5073,"50318","50319",2014-11-23,2014-11-25,2014-11-24,"MH7612","HS1335",2014-11-23,2014-11-26,2014-11-25,2014-11-26,0,0,"50318-50319"
"15","PB1_A985C","PB1",985,"A","C","2014-2015","A/H3N2",0.0579359438968,0,"HS1336","MH7611",5073,"50318","50319",2014-11-23,2014-11-25,2014-11-24,"MH7612","HS1335",2014-11-23,2014-11-26,2014-11-25,2014-11-26,0,0,"50318-50319"
"16","PB2_T1713C","PB2",1713,"T","C","2014-2015","A/H3N2",0,0.0315621488869,"HS1336","MH7611",5073,"50318","50319",2014-11-23,2014-11-25,2014-11-24,"MH7612","HS1335",2014-11-23,2014-11-26,2014-11-25,2014-11-26,0,0,"50318-50319"
"17","NP_C1334T","NP",1334,"C","T","2014-2015","A/H3N2",0.0293693096763,0.0545497547818,"HS1417","MH7891",5078,"50331","50332",2014-12-09,2014-12-11,2014-12-10,"MH8126",NA,2014-12-09,2014-12-10,NA,2014-12-15,0,NA,"50331-50332"
"18","PA_A384G","PA",384,"A","G","2014-2015","A/H3N2",0,0.0517465143171,"HS1417","MH7891",5078,"50331","50332",2014-12-09,2014-12-11,2014-12-10,"MH8126",NA,2014-12-09,2014-12-10,NA,2014-12-15,0,NA,"50331-50332"
"19","HA_G1019A","HA",1019,"G","A","2014-2015","A/H3N2",0.0451690779046,0,"HS1516","MH8439",5109,"50468","50466",2014-12-21,2014-12-24,2014-12-23,NA,"HS1543",2014-12-21,2014-12-23,2014-12-24,NA,NA,0,"50468-50466"
"20","HA_G1019A","HA",1019,"G","A","2014-2015","A/H3N2",0.0451690779046,0,"HS1516","MH8439",5109,"50468","50467",2014-12-21,2014-12-24,2014-12-23,NA,"HS1544",2014-12-21,2014-12-23,2014-12-24,NA,NA,0,"50468-50467"
"21","PB2_T1617C","PB2",1617,"T","C","2014-2015","A/H3N2",0,0.0238997683461,"HS1516","MH8439",5109,"50468","50466",2014-12-21,2014-12-24,2014-12-23,NA,"HS1543",2014-12-21,2014-12-23,2014-12-24,NA,NA,0,"50468-50466"
"22","PB2_T1617C","PB2",1617,"T","C","2014-2015","A/H3N2",0,0.0238997683461,"HS1516","MH8439",5109,"50468","50467",2014-12-21,2014-12-24,2014-12-23,NA,"HS1544",2014-12-21,2014-12-23,2014-12-24,NA,NA,0,"50468-50467"
"23","HA_C995T","HA",995,"C","T","2014-2015","A/H3N2",0.0380427122411,0.087795844906,"HS1256","MH7391",5129,"50553","50552",2014-11-16,2014-11-17,2014-11-16,"MH7390",NA,2014-11-16,2014-11-17,NA,2014-11-17,0,NA,"50553-50552"
"24","NP_T723C","NP",723,"T","C","2014-2015","A/H3N2",0.0353873297077,0.0536324531095,"HS1256","MH7391",5129,"50553","50552",2014-11-16,2014-11-17,2014-11-16,"MH7390",NA,2014-11-16,2014-11-17,NA,2014-11-17,0,NA,"50553-50552"
"25","PB1_G1822A","PB1",1822,"G","A","2014-2015","A/H3N2",0.0374481830523,0.0208268208572,"HS1256","MH7391",5129,"50553","50552",2014-11-16,2014-11-17,2014-11-16,"MH7390",NA,2014-11-16,2014-11-17,NA,2014-11-17,0,NA,"50553-50552"
"26","PA_G1701A","PA",1701,"G","A","2014-2015","A/H3N2",0.230503852869,0.523499257414,"HS1313","MH7520",5143,"50620","50618",2014-11-22,2014-11-24,2014-11-23,"MH7564","HS1328",2014-11-22,2014-11-24,2014-11-25,2014-11-25,0.966235030142,1,"50620-50618"
"27","PA_G1701G","PA",1701,"G","G","2014-2015","A/H3N2",0.768498087673,0.475973745988,"HS1313","MH7520",5143,"50620","50618",2014-11-22,2014-11-24,2014-11-23,"MH7564","HS1328",2014-11-22,2014-11-24,2014-11-25,2014-11-25,0.0333324322132,0,"50620-50618"
"28","PA_G1701G","PA",1701,"G","G","2014-2015","A/H3N2",0,0.0333324322132,"HS1328","MH7564",5143,"50618","50619",2014-11-24,2014-11-25,2014-11-24,"MH7565","HS1327",2014-11-25,2014-11-25,2014-11-25,2014-11-25,0.95296559385,0.959534628643,"50618-50619"
"29","NS_G287A","NS",287,"G","A","2014-2015","A/H3N2",0,0.037064665189,"HS1463","MH8159",5185,"50785","50784",2014-12-14,2014-12-15,2014-12-14,"MH8158","HS1465",2014-12-15,2014-12-16,2014-12-15,2014-12-16,0,0,"50785-50784"
"30","PB1_C463T","PB1",463,"C","T","2014-2015","A/H3N2",0.0868394479973,0.0748051062923,"HS1427","MH7953",5191,"50812","50809",2014-12-10,2014-12-14,2014-12-13,"MH8160","HS1460",2014-12-10,2014-12-11,2014-12-15,2014-12-16,0,0,"50812-50809"
"31","PB1_A1204G","PB1",1204,"A","G","2014-2015","A/H3N2",0.0245627983103,0,"HS1427","MH7953",5191,"50812","50809",2014-12-10,2014-12-14,2014-12-13,"MH8160","HS1460",2014-12-10,2014-12-11,2014-12-15,2014-12-16,0,0,"50812-50809"
"32","PA_A519G","PA",519,"A","G","2014-2015","A/H3N2",0.0259055480325,0,"HS1351","MH7687",5228,"50969","50967",2014-12-01,2014-12-04,2014-12-03,NA,"HS1402",2014-12-01,2014-12-02,2014-12-04,NA,NA,0,"50969-50967"
"33","PA_G1201A","PA",1201,"G","A","2014-2015","A/H3N2",0,0.0250320272215,"HS1351","MH7687",5228,"50969","50967",2014-12-01,2014-12-04,2014-12-03,NA,"HS1402",2014-12-01,2014-12-02,2014-12-04,NA,NA,0,"50969-50967"
"34","PA_A1202G","PA",1202,"A","G","2014-2015","A/H3N2",0,0.029538641251,"HS1351","MH7687",5228,"50969","50967",2014-12-01,2014-12-04,2014-12-03,NA,"HS1402",2014-12-01,2014-12-02,2014-12-04,NA,NA,0,"50969-50967"
"35","HA_C418T","HA",418,"C","T","2014-2015","A/H3N2",0.0315552982759,0,"HS1595","MH8925",5234,"50993","50992",2015-01-04,2015-01-05,2015-01-04,"MH8924",NA,2015-01-06,2015-01-09,NA,2015-01-09,0,NA,"50993-50992"
"36","M_T303C","M",303,"T","C","2014-2015","A/H3N2",0.0309374082531,0,"HS1595","MH8925",5234,"50993","50992",2015-01-04,2015-01-05,2015-01-04,"MH8924",NA,2015-01-06,2015-01-09,NA,2015-01-09,0,NA,"50993-50992"
"37","NR_G604A","NR",604,"G","A","2014-2015","A/H3N2",0,0.0211669597951,"HS1595","MH8925",5234,"50993","50992",2015-01-04,2015-01-05,2015-01-04,"MH8924",NA,2015-01-06,2015-01-09,NA,2015-01-09,0,NA,"50993-50992"
"38","NS_G441A","NS",441,"G","A","2014-2015","A/H3N2",0,0.0272112598053,"HS1595","MH8925",5234,"50993","50992",2015-01-04,2015-01-05,2015-01-04,"MH8924",NA,2015-01-06,2015-01-09,NA,2015-01-09,0,NA,"50993-50992"
"39","PA_A1795G","PA",1795,"A","G","2014-2015","A/H3N2",0.102067566964,0,"HS1595","MH8925",5234,"50993","50992",2015-01-04,2015-01-05,2015-01-04,"MH8924",NA,2015-01-06,2015-01-09,NA,2015-01-09,0,NA,"50993-50992"
"40","PB1_G1558T","PB1",1558,"G","T","2014-2015","A/H3N2",0.0243697569459,0,"HS1595","MH8925",5234,"50993","50992",2015-01-04,2015-01-05,2015-01-04,"MH8924",NA,2015-01-06,2015-01-09,NA,2015-01-09,0,NA,"50993-50992"
"41","PB1_C2104T","PB1",2104,"C","T","2014-2015","A/H3N2",0,0.0437288398798,"HS1595","MH8925",5234,"50993","50992",2015-01-04,2015-01-05,2015-01-04,"MH8924",NA,2015-01-06,2015-01-09,NA,2015-01-09,0,NA,"50993-50992"
"42","PB2_A872T","PB2",872,"A","T","2014-2015","A/H3N2",0,0.0289518870615,"HS1595","MH8925",5234,"50993","50992",2015-01-04,2015-01-05,2015-01-04,"MH8924",NA,2015-01-06,2015-01-09,NA,2015-01-09,0,NA,"50993-50992"
"43","PB2_G1099A","PB2",1099,"G","A","2014-2015","A/H3N2",0.0383825176499,0,"HS1595","MH8925",5234,"50993","50992",2015-01-04,2015-01-05,2015-01-04,"MH8924",NA,2015-01-06,2015-01-09,NA,2015-01-09,0,NA,"50993-50992"
"44","HA_C545T","HA",545,"C","T","2014-2015","A/H3N2",0.0680510202664,0.18189226088,"HS1409","MH7886",5126,"50540","50539",2014-12-06,2014-12-06,2014-12-05,"MH7885",NA,2014-12-06,2014-12-09,NA,2014-12-09,0,NA,"50540-50539"
"45","PA_G348A","PA",348,"G","A","2014-2015","A/H3N2",0,0.0300537980878,"HS1409","MH7886",5126,"50540","50539",2014-12-06,2014-12-06,2014-12-05,"MH7885",NA,2014-12-06,2014-12-09,NA,2014-12-09,0,NA,"50540-50539"
"46","PA_A1848A","PA",1848,"A","A","2014-2015","A/H3N2",0,0,"HS1563","MH8688",5001,"50001","50003",2014-12-25,2014-12-25,2014-12-24,"MH8690","HS1562",2014-12-25,2014-12-31,2014-12-25,2014-12-31,0.12118464793,0,"50001-50003"
"47","PB1_G1852A","PB1",1852,"G","A","2014-2015","A/H3N2",0,0,"HS1563","MH8688",5001,"50001","50003",2014-12-25,2014-12-25,2014-12-24,"MH8690","HS1562",2014-12-25,2014-12-31,2014-12-25,2014-12-31,0.0428052289357,0,"50001-50003"
"48","NR_C449T","NR",449,"C","T","2014-2015","A/H3N2",0,0,"HS1394","MH7842",5002,"50006","50007",2014-12-07,2014-12-07,2014-12-06,"MH7843",NA,2014-12-07,2014-12-08,NA,2014-12-08,0.0267244631601,NA,"50006-50007"
"49","NP_C402T","NP",402,"C","T","2014-2015","A/H3N2",0,NA,"HS1345",NA,5070,"50307","50305",2014-11-29,2014-12-05,2014-12-04,"MH7890","HS1416",2014-11-30,NA,2014-12-07,2014-12-10,0.0537544777979,0,"50307-50305"
"50","NP_A1011C","NP",1011,"A","C","2014-2015","A/H3N2",0,NA,"HS1345",NA,5070,"50307","50305",2014-11-29,2014-12-05,2014-12-04,"MH7890","HS1416",2014-11-30,NA,2014-12-07,2014-12-10,0.321690423285,0.726086744877,"50307-50305"
"51","NR_A250G","NR",250,"A","G","2014-2015","A/H3N2",0,NA,"HS1345",NA,5070,"50307","50305",2014-11-29,2014-12-05,2014-12-04,"MH7890","HS1416",2014-11-30,NA,2014-12-07,2014-12-10,0.271666666667,0,"50307-50305"
"52","NS_T77C","NS",77,"T","C","2014-2015","A/H3N2",0,NA,"HS1345",NA,5070,"50307","50305",2014-11-29,2014-12-05,2014-12-04,"MH7890","HS1416",2014-11-30,NA,2014-12-07,2014-12-10,0.0201493318979,0,"50307-50305"
"53","PA_G1999A","PA",1999,"G","A","2014-2015","A/H3N2",0.0530355210076,NA,"HS1345",NA,5070,"50307","50305",2014-11-29,2014-12-05,2014-12-04,"MH7890","HS1416",2014-11-30,NA,2014-12-07,2014-12-10,0,0,"50307-50305"
"54","HA_A140G","HA",140,"A","G","2014-2015","A/H3N2",0,0,"HS1336","MH7611",5073,"50318","50319",2014-11-23,2014-11-25,2014-11-24,"MH7612","HS1335",2014-11-23,2014-11-26,2014-11-25,2014-11-26,0.0498634992657,0.0264987958706,"50318-50319"
"55","M_G464A","M",464,"G","A","2014-2015","A/H3N2",0,0,"HS1417","MH7891",5078,"50331","50332",2014-12-09,2014-12-11,2014-12-10,"MH8126",NA,2014-12-09,2014-12-10,NA,2014-12-15,0.61421763106,NA,"50331-50332"
"56","NS_A553T","NS",553,"A","T","2014-2015","A/H3N2",0,0,"HS1417","MH7891",5078,"50331","50332",2014-12-09,2014-12-11,2014-12-10,"MH8126",NA,2014-12-09,2014-12-10,NA,2014-12-15,0.0213012737322,NA,"50331-50332"
"57","HA_A1424G","HA",1424,"A","G","2014-2015","A/H3N2",0,0,"HS1256","MH7391",5129,"50553","50552",2014-11-16,2014-11-17,2014-11-16,"MH7390",NA,2014-11-16,2014-11-17,NA,2014-11-17,1,NA,"50553-50552"
"58","NP_A923G","NP",923,"A","G","2014-2015","A/H3N2",0,0,"HS1256","MH7391",5129,"50553","50552",2014-11-16,2014-11-17,2014-11-16,"MH7390",NA,2014-11-16,2014-11-17,NA,2014-11-17,0.0404271939275,NA,"50553-50552"
"59","NR_C866A","NR",866,"C","A","2014-2015","A/H3N2",0,0,"HS1256","MH7391",5129,"50553","50552",2014-11-16,2014-11-17,2014-11-16,"MH7390",NA,2014-11-16,2014-11-17,NA,2014-11-17,0.0393442047164,NA,"50553-50552"
"60","PA_C1978T","PA",1978,"C","T","2014-2015","A/H3N2",0,0,"HS1256","MH7391",5129,"50553","50552",2014-11-16,2014-11-17,2014-11-16,"MH7390",NA,2014-11-16,2014-11-17,NA,2014-11-17,0.0214917213397,NA,"50553-50552"
"61","PB1_G2089A","PB1",2089,"G","A","2014-2015","A/H3N2",0,0,"HS1256","MH7391",5129,"50553","50552",2014-11-16,2014-11-17,2014-11-16,"MH7390",NA,2014-11-16,2014-11-17,NA,2014-11-17,0.0291516541107,NA,"50553-50552"
"62","NP_G339G","NP",339,"G","G","2014-2015","A/H3N2",0.0406848015183,NA,"HS1250",NA,5147,"50628","50632",2014-11-10,2014-11-13,2014-11-12,"MH7385","HS1253",2014-11-10,NA,2014-11-13,2014-11-14,0,0,"50628-50632"
"63","NP_A295G","NP",295,"A","G","2014-2015","A/H3N2",0,0,"HS1427","MH7953",5191,"50812","50809",2014-12-10,2014-12-14,2014-12-13,"MH8160","HS1460",2014-12-10,2014-12-11,2014-12-15,2014-12-16,0.0282610972159,0,"50812-50809"
"64","PA_T984C","PA",984,"T","C","2014-2015","A/H3N2",0,NA,"HS1402",NA,5228,"50967","50968",2014-12-04,2014-12-06,2014-12-05,"MH7855","HS1401",2014-12-04,NA,2014-12-07,2014-12-08,0.0217852295444,0,"50967-50968"
"65","PB1_A577G","PB1",577,"A","G","2014-2015","A/H3N2",0,NA,"HS1402",NA,5228,"50967","50968",2014-12-04,2014-12-06,2014-12-05,"MH7855","HS1401",2014-12-04,NA,2014-12-07,2014-12-08,0.0827635346589,0,"50967-50968"
"66","PB2_G1785A","PB2",1785,"G","A","2014-2015","A/H3N2",0,NA,"HS1402",NA,5228,"50967","50968",2014-12-04,2014-12-06,2014-12-05,"MH7855","HS1401",2014-12-04,NA,2014-12-07,2014-12-08,0.0318535602867,0,"50967-50968"
"67","PA_C603T","PA",603,"C","T","2014-2015","A/H3N2",0,0,"HS1595","MH8925",5234,"50993","50992",2015-01-04,2015-01-05,2015-01-04,"MH8924",NA,2015-01-06,2015-01-09,NA,2015-01-09,0.0575332766257,NA,"50993-50992"
"68","PB1_T1357C","PB1",1357,"T","C","2014-2015","A/H3N2",0,0,"HS1595","MH8925",5234,"50993","50992",2015-01-04,2015-01-05,2015-01-04,"MH8924",NA,2015-01-06,2015-01-09,NA,2015-01-09,0.0588249709766,NA,"50993-50992"
"69","PB2_G286A","PB2",286,"G","A","2014-2015","A/H3N2",0,0,"HS1595","MH8925",5234,"50993","50992",2015-01-04,2015-01-05,2015-01-04,"MH8924",NA,2015-01-06,2015-01-09,NA,2015-01-09,0.0511922627981,NA,"50993-50992"
"70","M_C376T","M",376,"C","T","2014-2015","A/H3N2",0.0241204928038,NA,"HS1519",NA,5250,"51058","51059",2014-12-20,2014-12-22,2014-12-21,"MH8445","HS1520",2014-12-20,NA,2014-12-22,2014-12-23,0,0,"51058-51059"
"71","M_G553A","M",553,"G","A","2014-2015","A/H3N2",0,NA,"HS1519",NA,5250,"51058","51059",2014-12-20,2014-12-22,2014-12-21,"MH8445","HS1520",2014-12-20,NA,2014-12-22,2014-12-23,0.0328200308996,0.0897057347185,"51058-51059"
"72","PA_G1611A","PA",1611,"G","A","2014-2015","A/H3N2",0,NA,"HS1519",NA,5250,"51058","51059",2014-12-20,2014-12-22,2014-12-21,"MH8445","HS1520",2014-12-20,NA,2014-12-22,2014-12-23,0.0514282128035,0,"51058-51059"
"73","HA_G644T","HA",644,"G","T","2014-2015","A/H3N2",0.0378270981645,NA,"HS1450",NA,5289,"51220","51216",2014-12-13,2014-12-17,2014-12-16,"MH8309",NA,2014-12-12,NA,NA,2014-12-18,0,NA,"51220-51216"
"74","NR_T517T","NR",517,"T","T","2014-2015","A/H3N2",0.0600349668329,NA,"HS1450",NA,5289,"51220","51216",2014-12-13,2014-12-17,2014-12-16,"MH8309",NA,2014-12-12,NA,NA,2014-12-18,1,NA,"51220-51216"
"75","NS_C618T","NS",618,"C","T","2014-2015","A/H3N2",0,NA,"HS1450",NA,5289,"51220","51216",2014-12-13,2014-12-17,2014-12-16,"MH8309",NA,2014-12-12,NA,NA,2014-12-18,1,NA,"51220-51216"
"76","PB2_A1429G","PB2",1429,"A","G","2014-2015","A/H3N2",0,NA,"HS1450",NA,5289,"51220","51216",2014-12-13,2014-12-17,2014-12-16,"MH8309",NA,2014-12-12,NA,NA,2014-12-18,1,NA,"51220-51216"
"77","HA_T524C","HA",524,"T","C","2014-2015","A/H3N2",0,NA,"HS1391",NA,5341,"51439","51438",2014-12-06,2014-12-07,2014-12-06,"MH7852","HS1390",2014-12-06,NA,2014-12-07,2014-12-08,0.489384735077,0.0588456364788,"51439-51438"
"78","HA_G638A","HA",638,"G","A","2014-2015","A/H3N2",0,NA,"HS1391",NA,5341,"51439","51438",2014-12-06,2014-12-07,2014-12-06,"MH7852","HS1390",2014-12-06,NA,2014-12-07,2014-12-08,0.0359769154235,0.213904415309,"51439-51438"
"79","NP_A914G","NP",914,"A","G","2014-2015","A/H3N2",0,NA,"HS1391",NA,5341,"51439","51438",2014-12-06,2014-12-07,2014-12-06,"MH7852","HS1390",2014-12-06,NA,2014-12-07,2014-12-08,0.0432845476875,0,"51439-51438"
"80","NS_T538C","NS",538,"T","C","2014-2015","A/H3N2",0,NA,"HS1391",NA,5341,"51439","51438",2014-12-06,2014-12-07,2014-12-06,"MH7852","HS1390",2014-12-06,NA,2014-12-07,2014-12-08,0.48757896261,0.0487008376097,"51439-51438"
"81","PA_C927T","PA",927,"C","T","2014-2015","A/H3N2",0,NA,"HS1391",NA,5341,"51439","51438",2014-12-06,2014-12-07,2014-12-06,"MH7852","HS1390",2014-12-06,NA,2014-12-07,2014-12-08,0.0779471069765,0.0922304890917,"51439-51438"
"82","PB1_G430A","PB1",430,"G","A","2014-2015","A/H3N2",0,NA,"HS1391",NA,5341,"51439","51438",2014-12-06,2014-12-07,2014-12-06,"MH7852","HS1390",2014-12-06,NA,2014-12-07,2014-12-08,0.0396486125248,0.220772809253,"51439-51438"
"83","PB2_A2211G","PB2",2211,"A","G","2014-2015","A/H3N2",0.0491766129568,NA,"HS1564",NA,5001,"50004","50001",2014-12-25,2014-12-25,2014-12-24,"MH8688","HS1563",2014-12-25,NA,2014-12-25,2014-12-31,0,0,"50004-50001"
"84","PA_A1848A","PA",1848,"A","A","2014-2015","A/H3N2",0,NA,"HS1564",NA,5001,"50004","50003",2014-12-25,2014-12-25,2014-12-24,"MH8690","HS1562",2014-12-25,NA,2014-12-25,2014-12-31,0.12118464793,0,"50004-50003"
"85","PB1_G1852A","PB1",1852,"G","A","2014-2015","A/H3N2",0,NA,"HS1564",NA,5001,"50004","50003",2014-12-25,2014-12-25,2014-12-24,"MH8690","HS1562",2014-12-25,NA,2014-12-25,2014-12-31,0.0428052289357,0,"50004-50003"
"86","PB2_A2211G","PB2",2211,"A","G","2014-2015","A/H3N2",0.0491766129568,NA,"HS1564",NA,5001,"50004","50003",2014-12-25,2014-12-25,2014-12-24,"MH8690","HS1562",2014-12-25,NA,2014-12-25,2014-12-31,0,0,"50004-50003"
"87","M_C806A","M",806,"C","A","2010-2011","A/H3N2",NA,0,NA,"M54586",1068,"300294","300293",2011-03-07,2011-03-08,2011-03-07,"M54585",NA,NA,2011-03-11,NA,2011-03-11,0.900863885377,NA,"300294-300293"
"88","NP_A113T","NP",113,"A","T","2010-2011","A/H3N2",NA,0.354978951595,NA,"M54586",1068,"300294","300293",2011-03-07,2011-03-08,2011-03-07,"M54585",NA,NA,2011-03-11,NA,2011-03-11,0,NA,"300294-300293"
"89","NP_T232C","NP",232,"T","C","2010-2011","A/H3N2",NA,0.146442011944,NA,"M54586",1068,"300294","300293",2011-03-07,2011-03-08,2011-03-07,"M54585",NA,NA,2011-03-11,NA,2011-03-11,0,NA,"300294-300293"
"90","NP_A1333G","NP",1333,"A","G","2010-2011","A/H3N2",NA,0,NA,"M54586",1068,"300294","300293",2011-03-07,2011-03-08,2011-03-07,"M54585",NA,NA,2011-03-11,NA,2011-03-11,0.0396898992129,NA,"300294-300293"
"91","NR_G215A","NR",215,"G","A","2010-2011","A/H3N2",NA,0,NA,"M54586",1068,"300294","300293",2011-03-07,2011-03-08,2011-03-07,"M54585",NA,NA,2011-03-11,NA,2011-03-11,0.0245977092282,NA,"300294-300293"
"92","NR_G1322A","NR",1322,"G","A","2010-2011","A/H3N2",NA,0.0982668055415,NA,"M54586",1068,"300294","300293",2011-03-07,2011-03-08,2011-03-07,"M54585",NA,NA,2011-03-11,NA,2011-03-11,0,NA,"300294-300293"
"93","NP_G981A","NP",981,"G","A","2010-2011","A/H1N1",NA,0.2542518546,NA,"M54206",1077,"300331","300330",2011-02-20,2011-02-22,2011-02-21,"M54205",NA,NA,2011-02-23,NA,2011-02-23,0,NA,"300331-300330"
"94","PA_A208A","PA",208,"A","A","2010-2011","A/H1N1",NA,0,NA,"M54206",1077,"300331","300330",2011-02-20,2011-02-22,2011-02-21,"M54205",NA,NA,2011-02-23,NA,2011-02-23,0.0371293296785,NA,"300331-300330"
"95","PA_A400A","PA",400,"A","A","2010-2011","A/H1N1",NA,0,NA,"M54206",1077,"300331","300330",2011-02-20,2011-02-22,2011-02-21,"M54205",NA,NA,2011-02-23,NA,2011-02-23,0.0265969538531,NA,"300331-300330"
"96","PA_C472C","PA",472,"C","C","2010-2011","A/H1N1",NA,0,NA,"M54206",1077,"300331","300330",2011-02-20,2011-02-22,2011-02-21,"M54205",NA,NA,2011-02-23,NA,2011-02-23,0.02284082798,NA,"300331-300330"
"97","PA_C691C","PA",691,"C","C","2010-2011","A/H1N1",NA,0,NA,"M54206",1077,"300331","300330",2011-02-20,2011-02-22,2011-02-21,"M54205",NA,NA,2011-02-23,NA,2011-02-23,0.0242333861497,NA,"300331-300330"
"98","PA_G1678G","PA",1678,"G","G","2010-2011","A/H1N1",NA,0,NA,"M54206",1077,"300331","300330",2011-02-20,2011-02-22,2011-02-21,"M54205",NA,NA,2011-02-23,NA,2011-02-23,0.0236498108015,NA,"300331-300330"
"99","PB1_A315A","PB1",315,"A","A","2010-2011","A/H1N1",NA,0,NA,"M54206",1077,"300331","300330",2011-02-20,2011-02-22,2011-02-21,"M54205",NA,NA,2011-02-23,NA,2011-02-23,0.0274128142741,NA,"300331-300330"
"100","PB1_A495A","PB1",495,"A","A","2010-2011","A/H1N1",NA,0,NA,"M54206",1077,"300331","300330",2011-02-20,2011-02-22,2011-02-21,"M54205",NA,NA,2011-02-23,NA,2011-02-23,0.0257560078188,NA,"300331-300330"
"101","PB2_C594C","PB2",594,"C","C","2010-2011","A/H1N1",NA,0,NA,"M54206",1077,"300331","300330",2011-02-20,2011-02-22,2011-02-21,"M54205",NA,NA,2011-02-23,NA,2011-02-23,0.020663744521,NA,"300331-300330"
"102","PB2_T918C","PB2",918,"T","C","2010-2011","A/H1N1",NA,0.38327738606,NA,"M54206",1077,"300331","300330",2011-02-20,2011-02-22,2011-02-21,"M54205",NA,NA,2011-02-23,NA,2011-02-23,0.0208223762568,NA,"300331-300330"
"103","NP_G981A","NP",981,"G","A","2010-2011","A/H1N1",NA,0.2542518546,NA,"M54206",1077,"300331","300332",2011-02-20,2011-02-22,2011-02-21,"M54207",NA,NA,2011-02-23,NA,2011-02-23,0,NA,"300331-300332"
"104","NP_A982C","NP",982,"A","C","2010-2011","A/H1N1",NA,0,NA,"M54206",1077,"300331","300332",2011-02-20,2011-02-22,2011-02-21,"M54207",NA,NA,2011-02-23,NA,2011-02-23,0.196222925177,NA,"300331-300332"
"105","PB1_C310T","PB1",310,"C","T","2010-2011","A/H1N1",NA,0,NA,"M54206",1077,"300331","300332",2011-02-20,2011-02-22,2011-02-21,"M54207",NA,NA,2011-02-23,NA,2011-02-23,0.139806981813,NA,"300331-300332"
"106","PB2_T918C","PB2",918,"T","C","2010-2011","A/H1N1",NA,0.38327738606,NA,"M54206",1077,"300331","300332",2011-02-20,2011-02-22,2011-02-21,"M54207",NA,NA,2011-02-23,NA,2011-02-23,0.823475258918,NA,"300331-300332"
"107","PB1_G117A","PB1",117,"G","A","2010-2011","A/H3N2",NA,0.19627190774,NA,"M54375",1234,"301023","301024",2011-02-28,2011-03-01,2011-02-28,"M54374",NA,NA,2011-03-02,NA,2011-03-02,0,NA,"301023-301024"
"108","NP_A874G","NP",874,"A","G","2011-2012","A/H3N2",NA,0,NA,"MH1205",2162,"321372","320645",2012-03-08,2012-03-11,2012-03-10,"MH1346",NA,NA,2012-03-08,NA,2012-03-12,0.0263243796573,NA,"321372-320645"
"109","NR_T394C","NR",394,"T","C","2011-2012","A/H3N2",NA,0,NA,"MH1205",2162,"321372","320645",2012-03-08,2012-03-11,2012-03-10,"MH1346",NA,NA,2012-03-08,NA,2012-03-12,0.269357311637,NA,"321372-320645"
"110","NR_G828T","NR",828,"G","T","2011-2012","A/H3N2",NA,0,NA,"MH1205",2162,"321372","320645",2012-03-08,2012-03-11,2012-03-10,"MH1346",NA,NA,2012-03-08,NA,2012-03-12,0.1374755843,NA,"321372-320645"
"111","NS_T193T","NS",193,"T","T","2011-2012","A/H3N2",NA,0.0228194726166,NA,"MH1205",2162,"321372","320645",2012-03-08,2012-03-11,2012-03-10,"MH1346",NA,NA,2012-03-08,NA,2012-03-12,1,NA,"321372-320645"
"112","NS_A263A","NS",263,"A","A","2011-2012","A/H3N2",NA,0,NA,"MH1205",2162,"321372","320645",2012-03-08,2012-03-11,2012-03-10,"MH1346",NA,NA,2012-03-08,NA,2012-03-12,1,NA,"321372-320645"
"113","NS_G699G","NS",699,"G","G","2011-2012","A/H3N2",NA,0,NA,"MH1205",2162,"321372","320645",2012-03-08,2012-03-11,2012-03-10,"MH1346",NA,NA,2012-03-08,NA,2012-03-12,1,NA,"321372-320645"
"114","PB1_C1902T","PB1",1902,"C","T","2011-2012","A/H3N2",NA,0,NA,"MH1205",2162,"321372","320645",2012-03-08,2012-03-11,2012-03-10,"MH1346",NA,NA,2012-03-08,NA,2012-03-12,0.130753164782,NA,"321372-320645"
"115","PB2_G1069A","PB2",1069,"G","A","2011-2012","A/H3N2",NA,0,NA,"MH1205",2162,"321372","320645",2012-03-08,2012-03-11,2012-03-10,"MH1346",NA,NA,2012-03-08,NA,2012-03-12,0.0451717869948,NA,"321372-320645"
"116","PB1_A417C","PB1",417,"A","C","2012-2013","A/H3N2",NA,0,NA,"MH3061",3034,"330136","330133",2013-01-19,2013-01-24,2013-01-23,"MH3270",NA,NA,2013-01-21,NA,2013-01-28,0.755270394134,NA,"330136-330133"
"117","NP_G1344A","NP",1344,"G","A","2012-2013","A/H3N2",NA,0.244784202836,NA,"MH2706",3111,"330441","331061",2013-01-02,2013-01-02,2013-01-01,"MH2737",NA,NA,2013-01-04,NA,2013-01-07,0,NA,"330441-331061"
"118","NR_C834T","NR",834,"C","T","2012-2013","A/H3N2",NA,0,NA,"MH2706",3111,"330441","331061",2013-01-02,2013-01-02,2013-01-01,"MH2737",NA,NA,2013-01-04,NA,2013-01-07,0.030090113646,NA,"330441-331061"
"119","NR_C925A","NR",925,"C","A","2012-2013","A/H3N2",NA,0,NA,"MH2706",3111,"330441","331061",2013-01-02,2013-01-02,2013-01-01,"MH2737",NA,NA,2013-01-04,NA,2013-01-07,0.0435569743186,NA,"330441-331061"
"120","NS_G314A","NS",314,"G","A","2012-2013","A/H3N2",NA,0,NA,"MH2706",3111,"330441","331061",2013-01-02,2013-01-02,2013-01-01,"MH2737",NA,NA,2013-01-04,NA,2013-01-07,0.0204055618074,NA,"330441-331061"
"121","NS_C672T","NS",672,"C","T","2012-2013","A/H3N2",NA,0,NA,"MH2706",3111,"330441","331061",2013-01-02,2013-01-02,2013-01-01,"MH2737",NA,NA,2013-01-04,NA,2013-01-07,0.0498535396754,NA,"330441-331061"
"122","PB1_T844C","PB1",844,"T","C","2012-2013","A/H3N2",NA,0,NA,"MH2706",3111,"330441","331061",2013-01-02,2013-01-02,2013-01-01,"MH2737",NA,NA,2013-01-04,NA,2013-01-07,0.0617749564066,NA,"330441-331061"
"123","PB1_G907A","PB1",907,"G","A","2012-2013","A/H3N2",NA,0.0221180140336,NA,"MH2706",3111,"330441","331061",2013-01-02,2013-01-02,2013-01-01,"MH2737",NA,NA,2013-01-04,NA,2013-01-07,0,NA,"330441-331061"
"124","PB1_G2180A","PB1",2180,"G","A","2012-2013","A/H3N2",NA,0.190678829115,NA,"MH2706",3111,"330441","331061",2013-01-02,2013-01-02,2013-01-01,"MH2737",NA,NA,2013-01-04,NA,2013-01-07,0,NA,"330441-331061"
"125","PB2_C987T","PB2",987,"C","T","2012-2013","A/H3N2",NA,0.28281320686,NA,"MH2706",3111,"330441","331061",2013-01-02,2013-01-02,2013-01-01,"MH2737",NA,NA,2013-01-04,NA,2013-01-07,1,NA,"330441-331061"
"126","HA_G650A","HA",650,"G","A","2013-2014","A/H1N1",NA,0.0242193827197,NA,"MH5712",4024,"UM41510","UM40095",2014-01-03,2014-01-04,2014-01-03,"MH5709",NA,NA,2014-01-07,NA,2014-01-07,0,NA,"UM41510-UM40095"
"127","HA_T1641T","HA",1641,"T","T","2013-2014","A/H1N1",NA,0,NA,"MH5712",4024,"UM41510","UM40095",2014-01-03,2014-01-04,2014-01-03,"MH5709",NA,NA,2014-01-07,NA,2014-01-07,1,NA,"UM41510-UM40095"
"128","NR_T506C","NR",506,"T","C","2013-2014","A/H1N1",NA,0.0280651375576,NA,"MH5712",4024,"UM41510","UM40095",2014-01-03,2014-01-04,2014-01-03,"MH5709",NA,NA,2014-01-07,NA,2014-01-07,0,NA,"UM41510-UM40095"
"129","NR_G1347A","NR",1347,"G","A","2013-2014","A/H1N1",NA,0,NA,"MH5712",4024,"UM41510","UM40095",2014-01-03,2014-01-04,2014-01-03,"MH5709",NA,NA,2014-01-07,NA,2014-01-07,0.0318366404581,NA,"UM41510-UM40095"
"130","PA_A342G","PA",342,"A","G","2013-2014","A/H1N1",NA,0.0295447927408,NA,"MH5712",4024,"UM41510","UM40095",2014-01-03,2014-01-04,2014-01-03,"MH5709",NA,NA,2014-01-07,NA,2014-01-07,0,NA,"UM41510-UM40095"
"131","PA_T1150C","PA",1150,"T","C","2013-2014","A/H1N1",NA,0.0254233348291,NA,"MH5712",4024,"UM41510","UM40095",2014-01-03,2014-01-04,2014-01-03,"MH5709",NA,NA,2014-01-07,NA,2014-01-07,0,NA,"UM41510-UM40095"
"132","PA_C1225A","PA",1225,"C","A","2013-2014","A/H1N1",NA,0,NA,"MH5712",4024,"UM41510","UM40095",2014-01-03,2014-01-04,2014-01-03,"MH5709",NA,NA,2014-01-07,NA,2014-01-07,0.038668870637,NA,"UM41510-UM40095"
"133","PA_T1588C","PA",1588,"T","C","2013-2014","A/H1N1",NA,0,NA,"MH5712",4024,"UM41510","UM40095",2014-01-03,2014-01-04,2014-01-03,"MH5709",NA,NA,2014-01-07,NA,2014-01-07,0.131114783888,NA,"UM41510-UM40095"
"134","PA_G1852A","PA",1852,"G","A","2013-2014","A/H1N1",NA,0,NA,"MH5712",4024,"UM41510","UM40095",2014-01-03,2014-01-04,2014-01-03,"MH5709",NA,NA,2014-01-07,NA,2014-01-07,0.0220598891279,NA,"UM41510-UM40095"
"135","PB1_A904G","PB1",904,"A","G","2013-2014","A/H1N1",NA,0.0692716158236,NA,"MH5712",4024,"UM41510","UM40095",2014-01-03,2014-01-04,2014-01-03,"MH5709",NA,NA,2014-01-07,NA,2014-01-07,0,NA,"UM41510-UM40095"
"136","PB1_C1707T","PB1",1707,"C","T","2013-2014","A/H1N1",NA,0.0531150684198,NA,"MH5712",4024,"UM41510","UM40095",2014-01-03,2014-01-04,2014-01-03,"MH5709",NA,NA,2014-01-07,NA,2014-01-07,0,NA,"UM41510-UM40095"
"137","PB1_G1737A","PB1",1737,"G","A","2013-2014","A/H1N1",NA,0.118328348245,NA,"MH5712",4024,"UM41510","UM40095",2014-01-03,2014-01-04,2014-01-03,"MH5709",NA,NA,2014-01-07,NA,2014-01-07,0,NA,"UM41510-UM40095"
"138","PB2_G1650A","PB2",1650,"G","A","2013-2014","A/H1N1",NA,0,NA,"MH5712",4024,"UM41510","UM40095",2014-01-03,2014-01-04,2014-01-03,"MH5709",NA,NA,2014-01-07,NA,2014-01-07,0.0379162603346,NA,"UM41510-UM40095"
"139","HA_G650A","HA",650,"G","A","2013-2014","A/H1N1",NA,0,NA,"MH5680",4024,"UM40093","UM41510",2014-01-01,2014-01-03,2014-01-02,"MH5712",NA,NA,2014-01-03,NA,2014-01-07,0.0242193827197,NA,"UM40093-UM41510"
"140","HA_T1641C","HA",1641,"T","C","2013-2014","A/H1N1",NA,0,NA,"MH5680",4024,"UM40093","UM41510",2014-01-01,2014-01-03,2014-01-02,"MH5712",NA,NA,2014-01-03,NA,2014-01-07,1,NA,"UM40093-UM41510"
"141","NR_T506C","NR",506,"T","C","2013-2014","A/H1N1",NA,0,NA,"MH5680",4024,"UM40093","UM41510",2014-01-01,2014-01-03,2014-01-02,"MH5712",NA,NA,2014-01-03,NA,2014-01-07,0.0280651375576,NA,"UM40093-UM41510"
"142","PA_A342G","PA",342,"A","G","2013-2014","A/H1N1",NA,0,NA,"MH5680",4024,"UM40093","UM41510",2014-01-01,2014-01-03,2014-01-02,"MH5712",NA,NA,2014-01-03,NA,2014-01-07,0.0295447927408,NA,"UM40093-UM41510"
"143","PA_T1150C","PA",1150,"T","C","2013-2014","A/H1N1",NA,0,NA,"MH5680",4024,"UM40093","UM41510",2014-01-01,2014-01-03,2014-01-02,"MH5712",NA,NA,2014-01-03,NA,2014-01-07,0.0254233348291,NA,"UM40093-UM41510"
"144","PA_T1936A","PA",1936,"T","A","2013-2014","A/H1N1",NA,0.0302867619845,NA,"MH5680",4024,"UM40093","UM41510",2014-01-01,2014-01-03,2014-01-02,"MH5712",NA,NA,2014-01-03,NA,2014-01-07,0,NA,"UM40093-UM41510"
"145","PB1_A904G","PB1",904,"A","G","2013-2014","A/H1N1",NA,0,NA,"MH5680",4024,"UM40093","UM41510",2014-01-01,2014-01-03,2014-01-02,"MH5712",NA,NA,2014-01-03,NA,2014-01-07,0.0692716158236,NA,"UM40093-UM41510"
"146","PB1_C1707T","PB1",1707,"C","T","2013-2014","A/H1N1",NA,0,NA,"MH5680",4024,"UM40093","UM41510",2014-01-01,2014-01-03,2014-01-02,"MH5712",NA,NA,2014-01-03,NA,2014-01-07,0.0531150684198,NA,"UM40093-UM41510"
"147","PB1_G1737A","PB1",1737,"G","A","2013-2014","A/H1N1",NA,0,NA,"MH5680",4024,"UM40093","UM41510",2014-01-01,2014-01-03,2014-01-02,"MH5712",NA,NA,2014-01-03,NA,2014-01-07,0.118328348245,NA,"UM40093-UM41510"
"148","PB2_C678T","PB2",678,"C","T","2013-2014","A/H1N1",NA,0.0233398308714,NA,"MH5680",4024,"UM40093","UM41510",2014-01-01,2014-01-03,2014-01-02,"MH5712",NA,NA,2014-01-03,NA,2014-01-07,0,NA,"UM40093-UM41510"
"149","HA_G455A","HA",455,"G","A","2013-2014","A/H1N1",NA,0,NA,"MH5295",4113,"UM41554","UM41553",2013-11-26,2013-11-28,2013-11-27,"MH5300",NA,NA,2013-11-27,NA,2013-12-02,0.218282664535,NA,"UM41554-UM41553"
"150","NS_G543G","NS",543,"G","G","2013-2014","A/H1N1",NA,0,NA,"MH5295",4113,"UM41554","UM41553",2013-11-26,2013-11-28,2013-11-27,"MH5300",NA,NA,2013-11-27,NA,2013-12-02,1,NA,"UM41554-UM41553"
"151","PA_T218T","PA",218,"T","T","2013-2014","A/H1N1",NA,0,NA,"MH5295",4113,"UM41554","UM41553",2013-11-26,2013-11-28,2013-11-27,"MH5300",NA,NA,2013-11-27,NA,2013-12-02,1,NA,"UM41554-UM41553"
"152","PA_C676C","PA",676,"C","C","2013-2014","A/H1N1",NA,0.498412133084,NA,"MH5295",4113,"UM41554","UM41553",2013-11-26,2013-11-28,2013-11-27,"MH5300",NA,NA,2013-11-27,NA,2013-12-02,1,NA,"UM41554-UM41553"
"153","PA_G1699A","PA",1699,"G","A","2013-2014","A/H1N1",NA,0,NA,"MH5295",4113,"UM41554","UM41553",2013-11-26,2013-11-28,2013-11-27,"MH5300",NA,NA,2013-11-27,NA,2013-12-02,0.0255279958275,NA,"UM41554-UM41553"
"154","PA_A2041G","PA",2041,"A","G","2013-2014","A/H1N1",NA,0,NA,"MH5295",4113,"UM41554","UM41553",2013-11-26,2013-11-28,2013-11-27,"MH5300",NA,NA,2013-11-27,NA,2013-12-02,1,NA,"UM41554-UM41553"
"155","NS_G543A","NS",543,"G","A","2013-2014","A/H1N1",NA,0,NA,"MH5245",4113,"UM40449","UM41554",2013-11-19,2013-11-26,2013-11-25,"MH5295",NA,NA,2013-11-20,NA,2013-11-27,1,NA,"UM40449-UM41554"
"156","PA_T218C","PA",218,"T","C","2013-2014","A/H1N1",NA,0,NA,"MH5245",4113,"UM40449","UM41554",2013-11-19,2013-11-26,2013-11-25,"MH5295",NA,NA,2013-11-20,NA,2013-11-27,1,NA,"UM40449-UM41554"
"157","PA_C676T","PA",676,"C","T","2013-2014","A/H1N1",NA,0,NA,"MH5245",4113,"UM40449","UM41554",2013-11-19,2013-11-26,2013-11-25,"MH5295",NA,NA,2013-11-20,NA,2013-11-27,0.501023951563,NA,"UM40449-UM41554"
"158","HA_T89C","HA",89,"T","C","2013-2014","A/H1N1",NA,0,NA,"MH5646",4115,"UM40460","UM40457",2013-12-27,2013-12-29,2013-12-28,"MH5645",NA,NA,2013-12-30,NA,2013-12-30,0.0333888290793,NA,"UM40460-UM40457"
"159","PA_C640T","PA",640,"C","T","2013-2014","A/H1N1",NA,0.0277332266909,NA,"MH5646",4115,"UM40460","UM40457",2013-12-27,2013-12-29,2013-12-28,"MH5645",NA,NA,2013-12-30,NA,2013-12-30,0,NA,"UM40460-UM40457"
"160","HA_C545T","HA",545,"C","T","2014-2015","A/H3N2",NA,0,NA,"MH7885",5126,"50539","50540",2014-12-06,2014-12-06,2014-12-05,"MH7886","HS1409",NA,2014-12-09,2014-12-06,2014-12-09,0.18189226088,0.0680510202664,"50539-50540"
"161","PA_G348A","PA",348,"G","A","2014-2015","A/H3N2",NA,0,NA,"MH7885",5126,"50539","50540",2014-12-06,2014-12-06,2014-12-05,"MH7886","HS1409",NA,2014-12-09,2014-12-06,2014-12-09,0.0300537980878,0,"50539-50540"
"162","HA_T665A","HA",665,"T","A","2014-2015","A/H3N2",NA,0,NA,"MH7390",5129,"50552","50551",2014-11-17,2014-11-18,2014-11-17,"MH7440",NA,NA,2014-11-17,NA,2014-11-19,0.270574997689,NA,"50552-50551"
"163","HA_A1424A","HA",1424,"A","A","2014-2015","A/H3N2",NA,0,NA,"MH7390",5129,"50552","50551",2014-11-17,2014-11-18,2014-11-17,"MH7440",NA,NA,2014-11-17,NA,2014-11-19,0.0201012039784,NA,"50552-50551"
"164","NP_A923G","NP",923,"A","G","2014-2015","A/H3N2",NA,0.0404271939275,NA,"MH7390",5129,"50552","50551",2014-11-17,2014-11-18,2014-11-17,"MH7440",NA,NA,2014-11-17,NA,2014-11-19,0,NA,"50552-50551"
"165","NR_C866A","NR",866,"C","A","2014-2015","A/H3N2",NA,0.0393442047164,NA,"MH7390",5129,"50552","50551",2014-11-17,2014-11-18,2014-11-17,"MH7440",NA,NA,2014-11-17,NA,2014-11-19,0,NA,"50552-50551"
"166","PA_C1978T","PA",1978,"C","T","2014-2015","A/H3N2",NA,0.0214917213397,NA,"MH7390",5129,"50552","50551",2014-11-17,2014-11-18,2014-11-17,"MH7440",NA,NA,2014-11-17,NA,2014-11-19,0,NA,"50552-50551"
"167","PA_A2079G","PA",2079,"A","G","2014-2015","A/H3N2",NA,0,NA,"MH7390",5129,"50552","50551",2014-11-17,2014-11-18,2014-11-17,"MH7440",NA,NA,2014-11-17,NA,2014-11-19,0.273918168363,NA,"50552-50551"
"168","PB1_G2089A","PB1",2089,"G","A","2014-2015","A/H3N2",NA,0.0291516541107,NA,"MH7390",5129,"50552","50551",2014-11-17,2014-11-18,2014-11-17,"MH7440",NA,NA,2014-11-17,NA,2014-11-19,0,NA,"50552-50551"
"169","NS_G287A","NS",287,"G","A","2014-2015","A/H3N2",NA,0,NA,"MH8041",5185,"50786","50785",2014-12-11,2014-12-14,2014-12-13,"MH8159","HS1463",NA,2014-12-12,2014-12-15,2014-12-16,0.037064665189,0,"50786-50785"
"170","PB1_C778T","PB1",778,"C","T","2014-2015","A/H3N2",NA,0.0220178065715,NA,"MH8041",5185,"50786","50785",2014-12-11,2014-12-14,2014-12-13,"MH8159","HS1463",NA,2014-12-12,2014-12-15,2014-12-16,0,0,"50786-50785"
"171","HA_C1178A","HA",1178,"C","A","2014-2015","A/H3N2",NA,0.0413910882347,NA,"MH8088",5244,"51041","51043",2014-12-11,2014-12-12,2014-12-11,"MH8089",NA,NA,2014-12-15,NA,2014-12-15,0,NA,"51041-51043"
"172","HA_G1433A","HA",1433,"G","A","2014-2015","A/H3N2",NA,0,NA,"MH8088",5244,"51041","51043",2014-12-11,2014-12-12,2014-12-11,"MH8089",NA,NA,2014-12-15,NA,2014-12-15,0.167855170801,NA,"51041-51043"
"173","HA_T1475C","HA",1475,"T","C","2014-2015","A/H3N2",NA,0.0417286269701,NA,"MH8088",5244,"51041","51043",2014-12-11,2014-12-12,2014-12-11,"MH8089",NA,NA,2014-12-15,NA,2014-12-15,0,NA,"51041-51043"
"174","M_T214T","M",214,"T","T","2014-2015","A/H3N2",NA,0.129615827631,NA,"MH8088",5244,"51041","51043",2014-12-11,2014-12-12,2014-12-11,"MH8089",NA,NA,2014-12-15,NA,2014-12-15,1,NA,"51041-51043"
"175","M_T379C","M",379,"T","C","2014-2015","A/H3N2",NA,0,NA,"MH8088",5244,"51041","51043",2014-12-11,2014-12-12,2014-12-11,"MH8089",NA,NA,2014-12-15,NA,2014-12-15,0.0505068125595,NA,"51041-51043"
"176","M_G484A","M",484,"G","A","2014-2015","A/H3N2",NA,0.0209838939155,NA,"MH8088",5244,"51041","51043",2014-12-11,2014-12-12,2014-12-11,"MH8089",NA,NA,2014-12-15,NA,2014-12-15,0,NA,"51041-51043"
"177","NP_T108C","NP",108,"T","C","2014-2015","A/H3N2",NA,0.0358219006488,NA,"MH8088",5244,"51041","51043",2014-12-11,2014-12-12,2014-12-11,"MH8089",NA,NA,2014-12-15,NA,2014-12-15,0,NA,"51041-51043"
"178","NR_G487A","NR",487,"G","A","2014-2015","A/H3N2",NA,0,NA,"MH8088",5244,"51041","51043",2014-12-11,2014-12-12,2014-12-11,"MH8089",NA,NA,2014-12-15,NA,2014-12-15,0.0756390477738,NA,"51041-51043"
"179","NS_G233A","NS",233,"G","A","2014-2015","A/H3N2",NA,0,NA,"MH8088",5244,"51041","51043",2014-12-11,2014-12-12,2014-12-11,"MH8089",NA,NA,2014-12-15,NA,2014-12-15,0.020260001288,NA,"51041-51043"
"180","PA_A201G","PA",201,"A","G","2014-2015","A/H3N2",NA,0.0276076825647,NA,"MH8088",5244,"51041","51043",2014-12-11,2014-12-12,2014-12-11,"MH8089",NA,NA,2014-12-15,NA,2014-12-15,0,NA,"51041-51043"
"181","PB1_C281T","PB1",281,"C","T","2014-2015","A/H3N2",NA,0,NA,"MH8088",5244,"51041","51043",2014-12-11,2014-12-12,2014-12-11,"MH8089",NA,NA,2014-12-15,NA,2014-12-15,0.216517063177,NA,"51041-51043"
"182","PB2_T1015C","PB2",1015,"T","C","2014-2015","A/H3N2",NA,0.0451564601606,NA,"MH8088",5244,"51041","51043",2014-12-11,2014-12-12,2014-12-11,"MH8089",NA,NA,2014-12-15,NA,2014-12-15,0,NA,"51041-51043"
"183","PB2_A1258G","PB2",1258,"A","G","2014-2015","A/H3N2",NA,0,NA,"MH8088",5244,"51041","51043",2014-12-11,2014-12-12,2014-12-11,"MH8089",NA,NA,2014-12-15,NA,2014-12-15,0.235793987068,NA,"51041-51043"
"184","PB2_A1911G","PB2",1911,"A","G","2014-2015","A/H3N2",NA,0.0269257841865,NA,"MH8088",5244,"51041","51043",2014-12-11,2014-12-12,2014-12-11,"MH8089",NA,NA,2014-12-15,NA,2014-12-15,0,NA,"51041-51043"
"185","PB2_A2187G","PB2",2187,"A","G","2014-2015","A/H3N2",NA,0.385372324046,NA,"MH8088",5244,"51041","51043",2014-12-11,2014-12-12,2014-12-11,"MH8089",NA,NA,2014-12-15,NA,2014-12-15,0,NA,"51041-51043"
"186","PB1_T910A","PB1",910,"T","A","2014-2015","A/H3N2",NA,0,NA,"MH8392",5254,"51074","51073",2014-12-17,2014-12-20,2014-12-19,"MH8391","HS1505",NA,2014-12-22,2014-12-20,2014-12-22,0.0421432505725,0.340472493385,"51074-51073"
"187","NP_G1344A","NP",1344,"G","A","2012-2013","A/H3N2",NA,0,NA,"MH2737",3111,"331061","330441",2013-01-02,2013-01-02,2013-01-01,"MH2706",NA,NA,2013-01-07,NA,2013-01-04,0.244784202836,NA,"331061-330441"
"188","NR_C834T","NR",834,"C","T","2012-2013","A/H3N2",NA,0.030090113646,NA,"MH2737",3111,"331061","330441",2013-01-02,2013-01-02,2013-01-01,"MH2706",NA,NA,2013-01-07,NA,2013-01-04,0,NA,"331061-330441"
"189","NR_C925A","NR",925,"C","A","2012-2013","A/H3N2",NA,0.0435569743186,NA,"MH2737",3111,"331061","330441",2013-01-02,2013-01-02,2013-01-01,"MH2706",NA,NA,2013-01-07,NA,2013-01-04,0,NA,"331061-330441"
"190","NS_G314A","NS",314,"G","A","2012-2013","A/H3N2",NA,0.0204055618074,NA,"MH2737",3111,"331061","330441",2013-01-02,2013-01-02,2013-01-01,"MH2706",NA,NA,2013-01-07,NA,2013-01-04,0,NA,"331061-330441"
"191","NS_C672T","NS",672,"C","T","2012-2013","A/H3N2",NA,0.0498535396754,NA,"MH2737",3111,"331061","330441",2013-01-02,2013-01-02,2013-01-01,"MH2706",NA,NA,2013-01-07,NA,2013-01-04,0,NA,"331061-330441"
"192","PB1_T844C","PB1",844,"T","C","2012-2013","A/H3N2",NA,0.0617749564066,NA,"MH2737",3111,"331061","330441",2013-01-02,2013-01-02,2013-01-01,"MH2706",NA,NA,2013-01-07,NA,2013-01-04,0,NA,"331061-330441"
"193","PB1_G907A","PB1",907,"G","A","2012-2013","A/H3N2",NA,0,NA,"MH2737",3111,"331061","330441",2013-01-02,2013-01-02,2013-01-01,"MH2706",NA,NA,2013-01-07,NA,2013-01-04,0.0221180140336,NA,"331061-330441"
"194","PB1_G2180A","PB1",2180,"G","A","2012-2013","A/H3N2",NA,0,NA,"MH2737",3111,"331061","330441",2013-01-02,2013-01-02,2013-01-01,"MH2706",NA,NA,2013-01-07,NA,2013-01-04,0.190678829115,NA,"331061-330441"
"195","PB2_C987C","PB2",987,"C","C","2012-2013","A/H3N2",NA,0,NA,"MH2737",3111,"331061","330441",2013-01-02,2013-01-02,2013-01-01,"MH2706",NA,NA,2013-01-07,NA,2013-01-04,0.716619134042,NA,"331061-330441"
"196","NR_C449T","NR",449,"C","T","2014-2015","A/H3N2",NA,0.0267244631601,NA,"MH7843",5002,"50007","50006",2014-12-07,2014-12-07,2014-12-06,"MH7842","HS1394",NA,2014-12-08,2014-12-07,2014-12-08,0,0,"50007-50006"
"197","PB2_A2211G","PB2",2211,"A","G","2014-2015","A/H3N2",0,0,"HS1563","MH8688",5001,"50001","50004",2014-12-25,2014-12-25,2014-12-24,NA,"HS1564",2014-12-25,2014-12-31,2014-12-25,NA,NA,0.0491766129568,"50001-50004"
"198","PB2_A2211G","PB2",2211,"A","G","2014-2015","A/H3N2",0,0,"HS1562","MH8690",5001,"50003","50004",2014-12-25,2014-12-25,2014-12-24,NA,"HS1564",2014-12-25,2014-12-31,2014-12-25,NA,NA,0.0491766129568,"50003-50004"
"199","HA_C273T","HA",273,"C","T","2014-2015","A/H3N2",0,NA,"HS1345",NA,5070,"50307","50305",2014-11-29,2014-12-05,2014-12-04,"MH7890","HS1416",2014-11-30,NA,2014-12-07,2014-12-10,0,0.0511608590998,"50307-50305"
"200","NR_G604A","NR",604,"G","A","2014-2015","A/H3N2",0,0,"HS1335","MH7612",5073,"50319","50316",2014-11-25,2014-11-30,2014-11-29,NA,"HS1369",2014-11-25,2014-11-26,2014-11-30,NA,NA,0.0289683696738,"50319-50316"
"201","NS_A327G","NS",327,"A","G","2014-2015","A/H3N2",0,0,"HS1335","MH7612",5073,"50319","50316",2014-11-25,2014-11-30,2014-11-29,NA,"HS1369",2014-11-25,2014-11-26,2014-11-30,NA,NA,0.0244745265716,"50319-50316"
"202","PA_G272A","PA",272,"G","A","2014-2015","A/H3N2",0,0,"HS1335","MH7612",5073,"50319","50316",2014-11-25,2014-11-30,2014-11-29,NA,"HS1369",2014-11-25,2014-11-26,2014-11-30,NA,NA,0.0766430907023,"50319-50316"
"203","PA_C1569T","PA",1569,"C","T","2014-2015","A/H3N2",0,0,"HS1335","MH7612",5073,"50319","50316",2014-11-25,2014-11-30,2014-11-29,NA,"HS1369",2014-11-25,2014-11-26,2014-11-30,NA,NA,1,"50319-50316"
"204","PA_T1650G","PA",1650,"T","G","2014-2015","A/H3N2",0,0,"HS1335","MH7612",5073,"50319","50316",2014-11-25,2014-11-30,2014-11-29,NA,"HS1369",2014-11-25,2014-11-26,2014-11-30,NA,NA,1,"50319-50316"
"205","PB1_T487C","PB1",487,"T","C","2014-2015","A/H3N2",0,0,"HS1335","MH7612",5073,"50319","50316",2014-11-25,2014-11-30,2014-11-29,NA,"HS1369",2014-11-25,2014-11-26,2014-11-30,NA,NA,1,"50319-50316"
"206","PB2_C880T","PB2",880,"C","T","2014-2015","A/H3N2",0,0,"HS1336","MH7611",5073,"50318","50319",2014-11-23,2014-11-25,2014-11-24,"MH7612","HS1335",2014-11-23,2014-11-26,2014-11-25,2014-11-26,0,0.0360841803356,"50318-50319"
"207","M_A310G","M",310,"A","G","2014-2015","A/H3N2",0,0,"HS1516","MH8439",5109,"50468","50466",2014-12-21,2014-12-24,2014-12-23,NA,"HS1543",2014-12-21,2014-12-23,2014-12-24,NA,NA,1,"50468-50466"
"208","NR_C156T","NR",156,"C","T","2014-2015","A/H3N2",0,0,"HS1516","MH8439",5109,"50468","50466",2014-12-21,2014-12-24,2014-12-23,NA,"HS1543",2014-12-21,2014-12-23,2014-12-24,NA,NA,0.128879091063,"50468-50466"
"209","PB2_C193T","PB2",193,"C","T","2014-2015","A/H3N2",0,0,"HS1516","MH8439",5109,"50468","50466",2014-12-21,2014-12-24,2014-12-23,NA,"HS1543",2014-12-21,2014-12-23,2014-12-24,NA,NA,0.0521057992736,"50468-50466"
"210","PA_T1519C","PA",1519,"T","C","2014-2015","A/H3N2",0,0,"HS1516","MH8439",5109,"50468","50467",2014-12-21,2014-12-24,2014-12-23,NA,"HS1544",2014-12-21,2014-12-23,2014-12-24,NA,NA,0.0453344686054,"50468-50467"
"211","PB2_T1728C","PB2",1728,"T","C","2014-2015","A/H3N2",0,0,"HS1516","MH8439",5109,"50468","50467",2014-12-21,2014-12-24,2014-12-23,NA,"HS1544",2014-12-21,2014-12-23,2014-12-24,NA,NA,0.0983232879322,"50468-50467"
"212","HA_G393A","HA",393,"G","A","2014-2015","A/H3N2",0,0,"HS1253","MH7385",5147,"50632","50630",2014-11-13,2014-11-18,2014-11-17,NA,"HS1294",2014-11-13,2014-11-14,2014-11-19,NA,NA,0.0665395939678,"50632-50630"
"213","HA_A801T","HA",801,"A","T","2014-2015","A/H3N2",0,0,"HS1253","MH7385",5147,"50632","50630",2014-11-13,2014-11-18,2014-11-17,NA,"HS1294",2014-11-13,2014-11-14,2014-11-19,NA,NA,0.163602839312,"50632-50630"
"214","NR_A258G","NR",258,"A","G","2014-2015","A/H3N2",0.0314763480283,NA,"HS1341",NA,5195,"50832","50830",2014-11-30,2014-12-04,2014-12-03,NA,"HS1375",2014-11-30,NA,2014-12-05,NA,NA,0,"50832-50830"
"215","PB1_T1465C","PB1",1465,"T","C","2014-2015","A/H3N2",0.154494567149,NA,"HS1341",NA,5195,"50832","50830",2014-11-30,2014-12-04,2014-12-03,NA,"HS1375",2014-11-30,NA,2014-12-05,NA,NA,0,"50832-50830"
"216","PB1_G1852A","PB1",1852,"G","A","2014-2015","A/H3N2",0.0426954659953,NA,"HS1341",NA,5195,"50832","50830",2014-11-30,2014-12-04,2014-12-03,NA,"HS1375",2014-11-30,NA,2014-12-05,NA,NA,0,"50832-50830"
"217","PB1_C1877A","PB1",1877,"C","A","2014-2015","A/H3N2",0,NA,"HS1341",NA,5195,"50832","50830",2014-11-30,2014-12-04,2014-12-03,NA,"HS1375",2014-11-30,NA,2014-12-05,NA,NA,0.0541025374848,"50832-50830"
"218","PB2_A2186G","PB2",2186,"A","G","2014-2015","A/H3N2",0,NA,"HS1341",NA,5195,"50832","50830",2014-11-30,2014-12-04,2014-12-03,NA,"HS1375",2014-11-30,NA,2014-12-05,NA,NA,0.334157944814,"50832-50830"
"219","HA_A879C","HA",879,"A","C","2014-2015","A/H3N2",0,NA,"HS1402",NA,5228,"50967","50968",2014-12-04,2014-12-06,2014-12-05,"MH7855","HS1401",2014-12-04,NA,2014-12-07,2014-12-08,0,0.0341160572648,"50967-50968"
"220","M_C376T","M",376,"C","T","2014-2015","A/H3N2",0.0241204928038,NA,"HS1519",NA,5250,"51058","51057",2014-12-20,2014-12-22,2014-12-21,NA,"HS1518",2014-12-20,NA,2014-12-22,NA,NA,0,"51058-51057"
"221","PB1_A1391G","PB1",1391,"A","G","2014-2015","A/H3N2",0,NA,"HS1519",NA,5250,"51058","51057",2014-12-20,2014-12-22,2014-12-21,NA,"HS1518",2014-12-20,NA,2014-12-22,NA,NA,0.322934269415,"51058-51057"
"222","M_A910G","M",910,"A","G","2014-2015","A/H3N2",0.199797392055,NA,"HS1535",NA,5270,"51138","51137",2014-12-26,2014-12-27,2014-12-26,NA,"HS1536",2014-12-26,NA,2014-12-27,NA,NA,0,"51138-51137"
"223","NP_A638G","NP",638,"A","G","2014-2015","A/H3N2",0.0444150083966,NA,"HS1535",NA,5270,"51138","51137",2014-12-26,2014-12-27,2014-12-26,NA,"HS1536",2014-12-26,NA,2014-12-27,NA,NA,0,"51138-51137"
"224","NS_G685A","NS",685,"G","A","2014-2015","A/H3N2",0,NA,"HS1535",NA,5270,"51138","51137",2014-12-26,2014-12-27,2014-12-26,NA,"HS1536",2014-12-26,NA,2014-12-27,NA,NA,0.0824818441073,"51138-51137"
"225","PA_G57A","PA",57,"G","A","2014-2015","A/H3N2",0,NA,"HS1535",NA,5270,"51138","51137",2014-12-26,2014-12-27,2014-12-26,NA,"HS1536",2014-12-26,NA,2014-12-27,NA,NA,1,"51138-51137"
"226","PA_G292A","PA",292,"G","A","2014-2015","A/H3N2",0,0,"HS1562","MH8690",5001,"50003","50001",2014-12-25,2014-12-25,2014-12-24,"MH8688","HS1563",2014-12-25,2014-12-31,2014-12-25,2014-12-31,0,0.088459720965,"50003-50001"
"227","PB2_G1099A","PB2",1099,"G","A","2014-2015","A/H3N2",0,0,"HS1562","MH8690",5001,"50003","50001",2014-12-25,2014-12-25,2014-12-24,"MH8688","HS1563",2014-12-25,2014-12-31,2014-12-25,2014-12-31,0,0.0999685429417,"50003-50001"
"228","PA_G292A","PA",292,"G","A","2014-2015","A/H3N2",0,NA,"HS1564",NA,5001,"50004","50001",2014-12-25,2014-12-25,2014-12-24,"MH8688","HS1563",2014-12-25,NA,2014-12-25,2014-12-31,0,0.088459720965,"50004-50001"
"229","PB2_G1099A","PB2",1099,"G","A","2014-2015","A/H3N2",0,NA,"HS1564",NA,5001,"50004","50001",2014-12-25,2014-12-25,2014-12-24,"MH8688","HS1563",2014-12-25,NA,2014-12-25,2014-12-31,0,0.0999685429417,"50004-50001"
"230","PA_C1117T","PA",1117,"C","T","2014-2015","A/H3N2",NA,0.0827123981284,NA,"MH8386",5130,"50556","50558",2014-12-18,2014-12-20,2014-12-19,NA,"HS1507",NA,2014-12-22,2014-12-21,NA,NA,0.0788221743703,"50556-50558"
"231","PB1_G200T","PB1",200,"G","T","2014-2015","A/H3N2",NA,0,NA,"MH8386",5130,"50556","50558",2014-12-18,2014-12-20,2014-12-19,NA,"HS1507",NA,2014-12-22,2014-12-21,NA,NA,0.0424511804139,"50556-50558"
"232","PB2_C2097T","PB2",2097,"C","T","2014-2015","A/H3N2",NA,0.0367014627226,NA,"MH8386",5130,"50556","50558",2014-12-18,2014-12-20,2014-12-19,NA,"HS1507",NA,2014-12-22,2014-12-21,NA,NA,0.0394071034315,"50556-50558"
"233","NS_A468C","NS",468,"A","C","2014-2015","A/H3N2",NA,0.497550142941,NA,"MH8090",5317,"51335","51336",2014-12-13,2014-12-15,2014-12-14,NA,"HS1445",NA,2014-12-15,2014-12-15,NA,NA,0.937087186262,"51335-51336"
